id,number,user,user_id,state,created_at,closed_at,merged_at,repo_url,repo_id,html_url,agent,base_sha,head_sha,delta_loc,delta_cyclomatic_sum,delta_over_cyclomatic_count,delta_cognitive_sum,delta_over_cognitive_count,delta_security_syntax_errors,delta_security_severity_high,delta_security_severity_medium,delta_security_severity_low,delta_general_fatal,delta_general_error,delta_general_warning,new_security_top_1_error,new_security_top_1_error_count,new_security_top_2_error,new_security_top_2_error_count,new_security_top_3_error,new_security_top_3_error_count,removed_security_top_1_error,removed_security_top_1_error_count,removed_security_top_2_error,removed_security_top_2_error_count,removed_security_top_3_error,removed_security_top_3_error_count,new_security_high_sev_top_1_error,new_security_high_sev_top_1_error_count,removed_security_high_sev_top_1_error,removed_security_high_sev_top_1_error_count,new_general_top_1_error,new_general_top_1_error_count,new_general_top_2_error,new_general_top_2_error_count,new_general_top_3_error,new_general_top_3_error_count,removed_general_top_1_error,removed_general_top_1_error_count,removed_general_top_2_error,removed_general_top_2_error_count,removed_general_top_3_error,removed_general_top_3_error_count,repo_language,repo_full_name
3254727007,16,c50bossio,215767479,closed,2025-07-23T03:41:07Z,2025-07-23T03:42:43Z,2025-07-23T03:42:43Z,https://api.github.com/repos/c50bossio/6fb-booking,1004531174.0,https://github.com/c50bossio/6fb-booking/pull/16,Claude_Code,9fab2a539cfc7c9f6f893ab56ba4ea011fb2a25e,2b12aef9b75887cf29d798bceb30641697471ac2,0,0,0,0,0,0,0,0,0,0,0,0,N/A,0,N/A,0,N/A,0,N/A,0,N/A,0,N/A,0,N/A,0,N/A,0,N/A,0,N/A,0,N/A,0,N/A,0,N/A,0,N/A,0,Python,c50bossio/6fb-booking
3254742127,17,c50bossio,215767479,closed,2025-07-23T03:51:40Z,2025-07-23T03:51:48Z,2025-07-23T03:51:48Z,https://api.github.com/repos/c50bossio/6fb-booking,1004531174.0,https://github.com/c50bossio/6fb-booking/pull/17,Claude_Code,747b8ca0f6d23b3eb8d2c46ad3cefc8e99ee464e,d85b794521e2e9e058d27e140c064ead881b9736,-16,-6,-1,-8,0,0,0,0,0,0,0,0,N/A,0,N/A,0,N/A,0,N/A,0,N/A,0,N/A,0,N/A,0,N/A,0,N/A,0,N/A,0,N/A,0,N/A,0,N/A,0,N/A,0,Python,c50bossio/6fb-booking
3254904130,23,c50bossio,215767479,closed,2025-07-23T05:19:47Z,2025-07-23T05:20:00Z,2025-07-23T05:20:00Z,https://api.github.com/repos/c50bossio/6fb-booking,1004531174.0,https://github.com/c50bossio/6fb-booking/pull/23,Claude_Code,88c0588cd5598b411226d70c71c16372ab033f6e,f877f5ffeb114dcf6debf819797ccb8cb27a42e2,0,0,0,0,0,0,0,0,0,0,0,0,N/A,0,N/A,0,N/A,0,N/A,0,N/A,0,N/A,0,N/A,0,N/A,0,N/A,0,N/A,0,N/A,0,N/A,0,N/A,0,N/A,0,Python,c50bossio/6fb-booking
3254915355,24,c50bossio,215767479,closed,2025-07-23T05:25:44Z,2025-07-23T05:25:50Z,2025-07-23T05:25:50Z,https://api.github.com/repos/c50bossio/6fb-booking,1004531174.0,https://github.com/c50bossio/6fb-booking/pull/24,Claude_Code,f99bd26f76ff24938034f2fa1aeb5b849491a4ed,7c21d7c17536e85034f5ba2e49b4cb83952f6ecf,0,0,0,0,0,0,0,0,0,0,0,0,N/A,0,N/A,0,N/A,0,N/A,0,N/A,0,N/A,0,N/A,0,N/A,0,N/A,0,N/A,0,N/A,0,N/A,0,N/A,0,N/A,0,Python,c50bossio/6fb-booking
3254931403,25,c50bossio,215767479,closed,2025-07-23T05:32:13Z,2025-07-23T05:32:19Z,2025-07-23T05:32:19Z,https://api.github.com/repos/c50bossio/6fb-booking,1004531174.0,https://github.com/c50bossio/6fb-booking/pull/25,Claude_Code,4b36009a6256f895da3fe24dd4e1a22961b10e60,2ea57f4526c1454cfc2fb608a4bba09e99b8fa33,0,0,0,0,0,0,0,0,0,0,0,0,N/A,0,N/A,0,N/A,0,N/A,0,N/A,0,N/A,0,N/A,0,N/A,0,N/A,0,N/A,0,N/A,0,N/A,0,N/A,0,N/A,0,Python,c50bossio/6fb-booking
3254941872,26,c50bossio,215767479,closed,2025-07-23T05:37:08Z,2025-07-23T05:37:14Z,2025-07-23T05:37:14Z,https://api.github.com/repos/c50bossio/6fb-booking,1004531174.0,https://github.com/c50bossio/6fb-booking/pull/26,Claude_Code,2589b7b3d3fa10e7e249923560111b82b2f3b27e,ebcc1ba33558087930ab5246e1f435edecaa89fa,0,0,0,0,0,0,0,0,0,0,0,0,N/A,0,N/A,0,N/A,0,N/A,0,N/A,0,N/A,0,N/A,0,N/A,0,N/A,0,N/A,0,N/A,0,N/A,0,N/A,0,N/A,0,Python,c50bossio/6fb-booking
3254975035,27,c50bossio,215767479,closed,2025-07-23T05:52:28Z,2025-07-23T05:52:33Z,2025-07-23T05:52:33Z,https://api.github.com/repos/c50bossio/6fb-booking,1004531174.0,https://github.com/c50bossio/6fb-booking/pull/27,Claude_Code,b2e65596ff2056a59266ec75eea7ffa707ddb6e5,1e12285e8e0d70a086d19d99c6f27474f9bb6aaa,358,14,0,2,0,0,0,0,0,0,0,0,N/A,0,N/A,0,N/A,0,N/A,0,N/A,0,N/A,0,N/A,0,N/A,0,N/A,0,N/A,0,N/A,0,N/A,0,N/A,0,N/A,0,Python,c50bossio/6fb-booking
3255302151,29,c50bossio,215767479,closed,2025-07-23T07:51:48Z,2025-07-23T11:39:23Z,,https://api.github.com/repos/c50bossio/6fb-booking,1004531174.0,https://github.com/c50bossio/6fb-booking/pull/29,Claude_Code,c90181099fef86800a5e3674a689e8acaaf45dae,8dea7da83b4fac0f7cbb9633bcc37f1be707d512,-5484,-431,-4,-325,-18,-1,0,2,-226,0,-7,0,hardcoded_sql_expressions_MEDIUM,1,hardcoded_password_funcarg_LOW,1,N/A,0,assert_used_LOW,107,hardcoded_password_string_LOW,3,try_except_pass_LOW,2,N/A,0,N/A,0,N/A,0,N/A,0,N/A,0,error_no-self-argument,5,error_syntax-error,1,error_function-redefined,1,Python,c50bossio/6fb-booking
3256028826,30,c50bossio,215767479,closed,2025-07-23T11:39:44Z,2025-07-23T13:03:05Z,2025-07-23T13:03:05Z,https://api.github.com/repos/c50bossio/6fb-booking,1004531174.0,https://github.com/c50bossio/6fb-booking/pull/30,Claude_Code,8dea7da83b4fac0f7cbb9633bcc37f1be707d512,8dea7da83b4fac0f7cbb9633bcc37f1be707d512,0,0,0,0,0,0,0,0,0,0,0,0,N/A,0,N/A,0,N/A,0,N/A,0,N/A,0,N/A,0,N/A,0,N/A,0,N/A,0,N/A,0,N/A,0,N/A,0,N/A,0,N/A,0,Python,c50bossio/6fb-booking
3257530116,32,c50bossio,215767479,closed,2025-07-23T19:54:13Z,2025-07-23T19:54:53Z,2025-07-23T19:54:53Z,https://api.github.com/repos/c50bossio/6fb-booking,1004531174.0,https://github.com/c50bossio/6fb-booking/pull/32,Claude_Code,06bfaa7db0135ce212eca4268d9ad0f189fb2bd8,5388905b10f632b153b956dba0d9d3639cd4c00c,0,0,0,0,0,0,0,0,0,0,0,0,N/A,0,N/A,0,N/A,0,N/A,0,N/A,0,N/A,0,N/A,0,N/A,0,N/A,0,N/A,0,N/A,0,N/A,0,N/A,0,N/A,0,Python,c50bossio/6fb-booking
3257540442,33,c50bossio,215767479,closed,2025-07-23T19:57:43Z,2025-07-26T13:41:10Z,2025-07-26T13:41:10Z,https://api.github.com/repos/c50bossio/6fb-booking,1004531174.0,https://github.com/c50bossio/6fb-booking/pull/33,Claude_Code,8dea7da83b4fac0f7cbb9633bcc37f1be707d512,cf24db954c14386468cc118fdaedc4f0635a0b26,12389,1318,9,1337,52,1,12,12,26,0,3,0,blacklist_LOW,7,request_without_timeout_MEDIUM,3,subprocess_popen_with_shell_equals_true_HIGH,3,N/A,0,N/A,0,N/A,0,subprocess_popen_with_shell_equals_true_HIGH,3,N/A,0,error_no-self-argument,5,error_invalid-sequence-index,2,error_syntax-error,1,error_await-outside-async,5,N/A,0,N/A,0,Python,c50bossio/6fb-booking
3257567919,34,c50bossio,215767479,closed,2025-07-23T20:08:02Z,2025-07-23T20:08:06Z,2025-07-23T20:08:06Z,https://api.github.com/repos/c50bossio/6fb-booking,1004531174.0,https://github.com/c50bossio/6fb-booking/pull/34,Claude_Code,8a4db8ce4403f4826273c5a11cd9c176a3bef551,77c92a056de30bfea51c253d0d254d31a5cb4150,0,0,0,0,0,0,0,0,0,0,0,0,N/A,0,N/A,0,N/A,0,N/A,0,N/A,0,N/A,0,N/A,0,N/A,0,N/A,0,N/A,0,N/A,0,N/A,0,N/A,0,N/A,0,Python,c50bossio/6fb-booking
3257579611,35,c50bossio,215767479,closed,2025-07-23T20:12:34Z,2025-07-23T20:12:39Z,2025-07-23T20:12:39Z,https://api.github.com/repos/c50bossio/6fb-booking,1004531174.0,https://github.com/c50bossio/6fb-booking/pull/35,Claude_Code,3735b19fc0f7ab2d8961a543803182239856ce31,9bbba542fc6781cbe53768c749c2e3b992f8904b,0,0,0,0,0,0,0,0,0,0,0,0,N/A,0,N/A,0,N/A,0,N/A,0,N/A,0,N/A,0,N/A,0,N/A,0,N/A,0,N/A,0,N/A,0,N/A,0,N/A,0,N/A,0,Python,c50bossio/6fb-booking
3257592851,36,c50bossio,215767479,closed,2025-07-23T20:17:45Z,2025-07-23T20:20:16Z,2025-07-23T20:20:16Z,https://api.github.com/repos/c50bossio/6fb-booking,1004531174.0,https://github.com/c50bossio/6fb-booking/pull/36,Claude_Code,eee34700d54b57bf13763607ded56cd9480b84e0,77e2d1655f28f866bf4a2c363db021b686f4bb94,0,0,0,0,0,0,0,0,0,0,0,0,N/A,0,N/A,0,N/A,0,N/A,0,N/A,0,N/A,0,N/A,0,N/A,0,N/A,0,N/A,0,N/A,0,N/A,0,N/A,0,N/A,0,Python,c50bossio/6fb-booking
3257611193,37,c50bossio,215767479,closed,2025-07-23T20:24:28Z,2025-07-23T20:24:34Z,2025-07-23T20:24:34Z,https://api.github.com/repos/c50bossio/6fb-booking,1004531174.0,https://github.com/c50bossio/6fb-booking/pull/37,Claude_Code,064c89d52f59bfc9eb7022718be3c67d4e885ab5,4f83f6fb9a65587dffd8ea0b5db7b571f9ec4cf5,0,0,0,0,0,0,0,0,0,0,0,0,N/A,0,N/A,0,N/A,0,N/A,0,N/A,0,N/A,0,N/A,0,N/A,0,N/A,0,N/A,0,N/A,0,N/A,0,N/A,0,N/A,0,Python,c50bossio/6fb-booking
3258033115,56,c50bossio,215767479,open,2025-07-24T00:09:47Z,,,https://api.github.com/repos/c50bossio/6fb-booking,1004531174.0,https://github.com/c50bossio/6fb-booking/pull/56,Claude_Code,42a7cf25b8afda8d3225d795648e53ed352667db,153961195bc89342dd517ed4b61b410be89b5fdc,-7217,-862,-14,-998,-46,-2,-8,-88,300,0,-8,0,assert_used_LOW,157,N/A,0,N/A,0,request_without_timeout_MEDIUM,44,blacklist_LOW,3,subprocess_popen_with_shell_equals_true_HIGH,3,N/A,0,subprocess_popen_with_shell_equals_true_HIGH,3,N/A,0,N/A,0,N/A,0,error_no-self-argument,3,error_syntax-error,2,error_possibly-used-before-assignment,1,Python,c50bossio/6fb-booking
3223028257,3,c50bossio,215767479,closed,2025-07-11T13:55:49Z,2025-07-21T13:34:40Z,,https://api.github.com/repos/c50bossio/6fb-booking,1004531174.0,https://github.com/c50bossio/6fb-booking/pull/3,Cursor,4ac106d82422e694370ecf58735f8d652e8eeac0,b76dd8bf705dc4b956b4da054944e0d267dbe6a3,25,1,0,3,-1,0,0,0,0,0,0,0,N/A,0,N/A,0,N/A,0,N/A,0,N/A,0,N/A,0,N/A,0,N/A,0,N/A,0,N/A,0,N/A,0,N/A,0,N/A,0,N/A,0,Python,c50bossio/6fb-booking
